tau_hat,se,ci_lo,ci_hi
0.411013231659823,0.03140511581982385,0.34945920465296826,0.47256725866667776
