tau_hat,se,ci_lo,ci_hi,tau_dr,se_dr,tau_tml,se_tml
0.411013231659823,0.0314051158198238,0.3494592046529682,0.4725672586666777,0.411013231659823,0.0314051158198238,0.411013231659823,0.0314051158198238
