policy,tau_hat,se,lcb95_raw,lcb95_adj
base,0.02,0.01,0.00040000000000000105,0.00040000000000000105
