feature,n1,n0,smd,m1,m0
X0,2458,2542,0.9138010015413122,0.4161606477784603,-0.41132341083703344
X1,2458,2542,1.8232409809982908,-0.668411177007674,0.6800687575424105
