n,alpha,mode,eps,tail,tail_count,tail_left,tail_right,w95,w99
5000,0.05,order_stat,0.1371526613471734,0.05,250,125,125,0.9729219807860268,1.0052835105141085
